{"lwFSWrP8BJCP0hKMhV9pPw==":"1-1920x1080.png","4dJ6ZCAX41q9s1imqc8erg==":"logo_saluben_1000x1000%20(1)-453x453.png","Xh5wghM9H9FSkxyVxZuStg==":"2-1256x707.png","Yho1YNjGlCCl2V9/b2AN9w==":"3-1036x583.png","HIxznL69lvIIMP8tv2VQng==":"4-816x459.png","/uGEfbxuxjL601iuUFOKCg==":"5-816x459.png","i4N1iXTTucdYSkn+Z9ornw==":"6-816x459.png","Th0VO6/MK7zv3o4oHL/Z+Q==":"7-816x459.png","UX+/ik0gFzf/J6X1CXX5tQ==":"8-816x459.png","svgYTcoFSX8o9T4M8mB1qw==":"9-816x459.png","dAxZTT7sdM/GByys/bH/qg==":"lycs-architecture-u2bi3gmnsse-unsplash-1036x691.jpg","5fw1loZDft7AkgFq4S3vqA==":"progetto%20senza%20titolo.png","X2njN3VMAulfBX9K/2cyjQ==":"shop2.jpg","Nf1SJlgnDZ0HbnGQN/4/OQ==":"screenshot%202024-04-09%20154123-1076x631.png","G+zfP18Ti8jhtIfXd5WPjw==":"screenshot%202024-04-09%20154123-1076x631.png","bGb7IiNr5mnkpdvNes1pbg==":"screenshot%202024-04-09%20154123-1076x631.png","zu9Y9VI6aKeFSZQLwIZqdg==":"screenshot%202024-04-09%20154123-1076x631.png","wwJW7ePQKGaZvv19xa5PRw==":"screenshot%202024-04-09%20154123-1060x598.png"}