{"file:///C:/Users/plonetti/Documents/GitHub/intranet/SimulImpresaFrom":{"assets/images/hashes.json":"Z9H1S8GbLe7YgGVRXzev+Q==","assets/images/logo-saluben-1000x1000-1-453x453.png":"4dJ6ZCAX41q9s1imqc8erg==","assets/images/7-816x459.png":"Th0VO6/MK7zv3o4oHL/Z+Q==","assets/images/8-816x459.png":"UX+/ik0gFzf/J6X1CXX5tQ==","assets/images/9-816x459.png":"svgYTcoFSX8o9T4M8mB1qw==","assets/images/2-1256x707.png":"Xh5wghM9H9FSkxyVxZuStg==","assets/images/4-816x459.png":"HIxznL69lvIIMP8tv2VQng==","assets/images/5-816x459.png":"/uGEfbxuxjL601iuUFOKCg==","assets/images/6-816x459.png":"i4N1iXTTucdYSkn+Z9ornw==","assets/images/lycs-architecture-u2bi3gmnsse-unsplash-1036x691.jpg":"dAxZTT7sdM/GByys/bH/qg==","assets/images/shop2.jpg":"X2njN3VMAulfBX9K/2cyjQ==","assets/images/progetto-senza-titolo.png":"5fw1loZDft7AkgFq4S3vqA==","assets/images/screenshot-2024-04-09-154123-1060x598.png":"wwJW7ePQKGaZvv19xa5PRw==","assets/bootstrap/css/bootstrap.min.css":"RmzWCUiyr0Tlqjt24hN4XA==","assets/bootstrap/css/bootstrap-grid.min.css":"6Gvo43+4L/kGCWNf5GNICg==","assets/bootstrap/css/bootstrap-reboot.min.css":"pXUaBlocfemX8XoPkD7mgw==","assets/bootstrap/js/bootstrap.bundle.min.js":"p/oXaGUTuIqIFWCVyXqFXQ==","assets/animatecss/animate.css":"CGF+PVRN3gsQl8B5YgN/Mg==","assets/smoothscroll/smooth-scroll.js":"I6Cnt5FZXvE7AwxKBjLHIw==","assets/theme/css/style.css":"BGhQEfF3PBKRxlNGNLOiww==-VITbTf54ezV7Z7I/e4lZVw==","assets/ytplayer/index.js":"brlsA8x+sQLy5RqkP+hktQ==","assets/dropdown/css/style.css":"Vb8nb3PvfIj5jIp56aQkiA==","assets/dropdown/js/navbar-dropdown.js":"eR+jFVL8KABJEAcdSC/rjQ==","assets/web/assets/mobirise-icons2/mobirise2.css":"+RO7OxVtE1FsD/N7V3/ADw==","assets/web/assets/mobirise-icons2/mobirise2.eot":"B2EjryGRojlTpzr1GHt3LQ==","assets/web/assets/mobirise-icons2/mobirise2.svg":"usCYAy7QdzckfeGReb9wWQ==","assets/web/assets/mobirise-icons2/mobirise2.ttf":"VMdAr7YYQ2ab9KiUyabAGA==","assets/web/assets/mobirise-icons2/mobirise2.woff":"xY3InaTfYGp0nlCuQBMudQ==","assets/web/assets/mobirise-icons/mobirise-icons.css":"t/IrTIzfJvbDUoCV05F+7Q==","assets/web/assets/mobirise-icons/mobirise-icons.eot":"T9iJ+Vffe7n6Gk/+pf9gEw==","assets/web/assets/mobirise-icons/mobirise-icons.svg":"Yp5pSlGdnLgPdQLUa/Yv3w==","assets/web/assets/mobirise-icons/mobirise-icons.ttf":"r0OtN8kuMaYwUc+mlGDUWA==","assets/web/assets/mobirise-icons/mobirise-icons.woff":"3aYYVAIqADvsB1jjxJZ73w=="}}